,submission_date,state,tot_cases,new_case,tot_death,new_death,created_at,consent_cases,consent_deaths,pnew_case,pnew_death
0,2020-03-23T00:00:00.000,NY,8570,2447.0,31,7.0,2020-03-26T16:22:39.452,Not agree,Not agree,,
1,2021-07-11T00:00:00.000,NY,1159695,254.0,19947,0.0,2021-07-12T14:22:55.239,Not agree,Not agree,0,0
2,2020-04-02T00:00:00.000,NY,40572,4299.0,395,120.0,2020-04-01T16:22:39.452,Not agree,Not agree,,
3,2020-07-30T00:00:00.000,NY,189507,465.0,8837,7.0,2020-07-31T14:35:06.518,Not agree,Not agree,0,0
4,2020-12-14T00:00:00.000,NY,426123,6015.0,10901,67.0,2020-12-15T14:39:02.350,Not agree,Not agree,0,0
5,2021-07-10T00:00:00.000,NY,1159441,255.0,19947,0.0,2021-07-12T13:16:46.339,Not agree,Not agree,0,0
6,2020-04-10T00:00:00.000,NY,78128,5218.0,2024,237.0,2020-04-09T16:22:39.452,Not agree,Not agree,,
7,2020-05-11T00:00:00.000,NY,151698,720.0,6947,80.0,2020-05-12T17:26:08.000,Not agree,Not agree,0,0
8,2020-02-15T00:00:00.000,NY,0,0.0,0,0.0,2020-03-26T16:22:39.452,Not agree,Not agree,,
9,2021-08-11T00:00:00.000,NY,1191255,2191.0,20039,11.0,2021-08-12T15:05:21.716,Not agree,Not agree,0,0
10,2020-03-14T00:00:00.000,NY,311,44.0,0,0.0,2020-03-26T16:22:39.452,Not agree,Not agree,,
11,2020-09-13T00:00:00.000,NY,206563,481.0,8992,4.0,2020-09-14T14:01:21.851,Not agree,Not agree,0,0
12,2021-07-06T00:00:00.000,NY,1158474,128.0,19939,3.0,2021-07-07T14:48:49.531,Not agree,Not agree,0,0
13,2020-08-03T00:00:00.000,NY,190879,304.0,8863,3.0,2020-08-04T14:09:35.859,Not agree,Not agree,0,0
14,2020-05-16T00:00:00.000,NY,156632,1176.0,7377,98.0,2020-05-17T15:27:46.000,Not agree,Not agree,0,0
15,2020-07-21T00:00:00.000,NY,186087,464.0,8794,2.0,2020-07-22T14:51:28.800,Not agree,Not agree,0,0
16,2021-08-06T00:00:00.000,NY,1181447,1765.0,20002,2.0,2021-08-07T14:00:45.465,Not agree,Not agree,0,0
17,2021-03-13T00:00:00.000,NY,961370,3147.0,18392,36.0,2021-03-14T13:53:25.106,Not agree,Not agree,0,0
18,2021-03-11T00:00:00.000,NY,954005,3199.0,18335,32.0,2021-03-12T15:20:13.190,Not agree,Not agree,0,0
19,2020-03-25T00:00:00.000,NY,12955,2194.0,52,13.0,2020-03-26T16:22:39.452,Not agree,Not agree,,
20,2020-09-29T00:00:00.000,NY,214054,666.0,9036,2.0,2020-09-30T14:17:41.349,Not agree,Not agree,0,0
21,2020-05-12T00:00:00.000,NY,152362,664.0,7045,98.0,2020-05-13T15:26:08.000,Not agree,Not agree,0,0
22,2020-09-30T00:00:00.000,NY,214608,554.0,9041,5.0,2020-10-01T13:42:11.951,Not agree,Not agree,0,0
23,2020-09-12T00:00:00.000,NY,206082,543.0,8988,2.0,2020-09-13T16:17:15.117,Not agree,Not agree,0,0
24,2020-02-12T00:00:00.000,NY,0,0.0,0,0.0,2020-03-26T16:22:39.452,Not agree,Not agree,,
25,2020-06-09T00:00:00.000,NY,171789,343.0,8391,29.0,2020-06-10T20:56:25.490,Not agree,Not agree,0,0
26,2020-04-26T00:00:00.000,NY,129787,2757.0,4831,116.0,2020-05-25T15:38:40.000,Not agree,Not agree,0,0
27,2021-01-31T00:00:00.000,NY,811279,5775.0,16220,89.0,2021-02-01T14:50:29.869,Not agree,Not agree,0,0
28,2020-03-18T00:00:00.000,NY,1043,313.0,1,0.0,2020-03-26T16:22:39.452,Not agree,Not agree,,
29,2020-06-29T00:00:00.000,NY,177991,202.0,8673,6.0,2020-06-30T15:27:33.712,Not agree,Not agree,0,0
30,2020-05-14T00:00:00.000,NY,154506,1095.0,7211,79.0,2020-05-15T16:11:22.000,Not agree,Not agree,0,0
31,2021-06-14T00:00:00.000,NY,1155117,164.0,19878,6.0,2021-06-15T14:44:13.999,Not agree,Not agree,0,0
32,2021-05-31T00:00:00.000,NY,1151220,287.0,19780,10.0,2021-06-01T15:18:33.855,Not agree,Not agree,0,0
33,2020-12-18T00:00:00.000,NY,454282,8198.0,11267,91.0,2020-12-19T14:42:31.925,Not agree,Not agree,0,0
34,2021-05-03T00:00:00.000,NY,1124156,1284.0,19454,23.0,2021-05-04T14:00:10.529,Not agree,Not agree,0,0
35,2020-09-18T00:00:00.000,NY,208746,442.0,9013,5.0,2020-09-19T14:00:26.273,Not agree,Not agree,0,0
36,2021-03-10T00:00:00.000,NY,950806,3069.0,18303,20.0,2021-03-11T15:36:21.295,Not agree,Not agree,0,0
37,2021-03-12T00:00:00.000,NY,958223,4218.0,18356,21.0,2021-03-13T15:19:19.967,Not agree,Not agree,0,0
38,2020-02-24T00:00:00.000,NY,0,0.0,0,0.0,2020-03-26T16:22:39.452,Not agree,Not agree,,
39,2020-02-27T00:00:00.000,NY,0,0.0,0,0.0,2020-03-26T16:22:39.452,Not agree,Not agree,,
40,2020-08-21T00:00:00.000,NY,196938,423.0,8921,3.0,2020-08-22T14:21:09.869,Not agree,Not agree,0,0
41,2020-12-07T00:00:00.000,NY,379358,4537.0,10382,63.0,2020-12-08T14:59:49.759,Not agree,Not agree,0,0
42,2021-08-07T00:00:00.000,NY,1183888,2441.0,20009,7.0,2021-08-09T12:38:43.318,Not agree,Not agree,0,0
43,2021-06-01T00:00:00.000,NY,1151435,215.0,19788,8.0,2021-06-02T14:35:40.709,Not agree,Not agree,0,0
44,2021-03-04T00:00:00.000,NY,931318,3568.0,18118,26.0,2021-03-05T16:11:33.097,Not agree,Not agree,0,0
45,2020-03-11T00:00:00.000,NY,164,27.0,0,0.0,2020-03-26T16:22:39.452,Not agree,Not agree,,
46,2020-11-27T00:00:00.000,NY,323295,5618.0,9869,31.0,2020-11-28T14:46:47.693,Not agree,Not agree,0,0
47,2020-12-16T00:00:00.000,NY,438797,6467.0,11085,81.0,2020-12-17T14:33:42.543,Not agree,Not agree,0,0
48,2020-05-07T00:00:00.000,NY,147253,1626.0,6580,98.0,2020-05-08T21:26:08.000,Not agree,Not agree,0,0
49,2020-04-23T00:00:00.000,NY,117605,2821.0,4407,147.0,2020-05-25T15:38:40.000,Not agree,Not agree,0,0
50,2021-02-18T00:00:00.000,NY,883994,3356.0,17555,55.0,2021-02-19T15:33:51.934,Not agree,Not agree,0,0
51,2020-03-10T00:00:00.000,NY,137,12.0,0,0.0,2020-03-26T16:22:39.452,Not agree,Not agree,,
52,2020-11-20T00:00:00.000,NY,293960,3447.0,9625,29.0,2020-11-21T14:59:41.222,Not agree,Not agree,0,0
53,2021-04-02T00:00:00.000,NY,1034732,3993.0,18836,22.0,2021-04-03T13:51:09.290,Not agree,Not agree,0,0
54,2020-08-12T00:00:00.000,NY,193974,314.0,8887,2.0,2020-08-13T14:12:28.259,Not agree,Not agree,0,0
55,2020-02-29T00:00:00.000,NY,0,0.0,0,0.0,2020-03-26T16:22:39.452,Not agree,Not agree,,
56,2021-03-15T00:00:00.000,NY,966982,2803.0,18431,17.0,2021-03-16T14:12:32.574,Not agree,Not agree,0,0
57,2020-07-24T00:00:00.000,NY,187258,393.0,8813,6.0,2020-07-25T17:40:06.519,Not agree,Not agree,0,0
58,2020-05-05T00:00:00.000,NY,144318,1016.0,5907,99.0,2020-05-06T16:23:08.000,Not agree,Not agree,0,0
59,2020-10-08T00:00:00.000,NY,221408,1140.0,9092,8.0,2020-10-09T13:43:36.023,Not agree,Not agree,0,0
60,2021-07-28T00:00:00.000,NY,1168983,945.0,19981,5.0,2021-07-29T13:49:46.674,Not agree,Not agree,0,0
61,2021-05-02T00:00:00.000,NY,1122872,1857.0,19431,22.0,2021-05-03T13:58:14.867,Not agree,Not agree,0,0
62,2020-03-07T00:00:00.000,NY,28,7.0,0,0.0,2020-03-26T16:22:39.452,Not agree,Not agree,,
63,2021-02-21T00:00:00.000,NY,894600,3226.0,17711,37.0,2021-02-22T14:53:38.566,Not agree,Not agree,0,0
64,2021-02-08T00:00:00.000,NY,846873,3901.0,16925,62.0,2021-02-09T15:24:29.092,Not agree,Not agree,0,0
65,2020-11-07T00:00:00.000,NY,255780,2422.0,9340,14.0,2020-11-08T14:40:34.096,Not agree,Not agree,0,0
66,2020-04-14T00:00:00.000,NY,91743,3475.0,2882,221.0,2020-04-13T16:22:39.452,Not agree,Not agree,,
67,2020-12-01T00:00:00.000,NY,340717,4716.0,10061,59.0,2020-12-02T15:48:48.293,Not agree,Not agree,0,0
68,2020-10-25T00:00:00.000,NY,236909,979.0,9203,6.0,2020-10-26T13:41:41.106,Not agree,Not agree,0,0
69,2021-07-03T00:00:00.000,NY,1158044,151.0,19933,0.0,2021-07-05T13:25:13.278,Not agree,Not agree,0,0
70,2020-10-27T00:00:00.000,NY,238936,1260.0,9226,11.0,2020-10-28T13:52:28.313,Not agree,Not agree,0,0
71,2021-04-25T00:00:00.000,NY,1109400,2162.0,19320,22.0,2021-04-26T13:45:41.711,Not agree,Not agree,0,0
72,2021-05-05T00:00:00.000,NY,1126855,1358.0,19499,19.0,2021-05-06T14:14:04.113,Not agree,Not agree,0,0
73,2020-08-02T00:00:00.000,NY,190575,268.0,8860,6.0,2020-08-03T14:31:01.928,Not agree,Not agree,0,0
74,2020-09-14T00:00:00.000,NY,206881,318.0,8995,3.0,2020-09-15T14:03:59.985,Not agree,Not agree,0,0
75,2021-03-30T00:00:00.000,NY,1021976,3370.0,18757,23.0,2021-03-31T14:08:03.160,Not agree,Not agree,0,0
76,2020-12-04T00:00:00.000,NY,360714,7674.0,10217,45.0,2020-12-05T14:29:17.537,Not agree,Not agree,0,0
77,2020-10-10T00:00:00.000,NY,223248,872.0,9100,5.0,2020-10-11T13:47:22.472,Not agree,Not agree,0,0
78,2021-04-23T00:00:00.000,NY,1104946,2770.0,19288,20.0,2021-04-24T14:22:34.654,Not agree,Not agree,0,0
79,2021-05-30T00:00:00.000,NY,1150933,528.0,19770,11.0,2021-05-31T13:43:43.522,Not agree,Not agree,0,0
80,2020-02-25T00:00:00.000,NY,0,0.0,0,0.0,2020-03-26T16:22:39.452,Not agree,Not agree,,
81,2021-05-14T00:00:00.000,NY,1138883,1266.0,19612,12.0,2021-05-15T13:54:58.561,Not agree,Not agree,0,0
82,2020-06-17T00:00:00.000,NY,174201,217.0,8551,13.0,2020-06-18T17:16:14.582,Not agree,Not agree,0,0
83,2020-03-31T00:00:00.000,NY,32656,3612.0,211,56.0,2020-03-30T16:22:39.452,Not agree,Not agree,,
84,2021-04-14T00:00:00.000,NY,1078165,3298.0,19098,24.0,2021-04-15T13:58:27.750,Not agree,Not agree,0,0
85,2021-05-26T00:00:00.000,NY,1148695,590.0,19736,14.0,2021-05-27T13:41:41.416,Not agree,Not agree,0,0
86,2021-05-09T00:00:00.000,NY,1133242,1425.0,19551,11.0,2021-05-10T14:15:36.155,Not agree,Not agree,0,0
87,2020-07-07T00:00:00.000,NY,180749,316.0,8716,6.0,2020-07-08T14:12:08.319,Not agree,Not agree,0,0
88,2021-03-24T00:00:00.000,NY,998316,3469.0,18638,26.0,2021-03-25T14:25:23.209,Not agree,Not agree,0,0
89,2020-08-13T00:00:00.000,NY,194273,299.0,8894,7.0,2020-08-14T14:30:03.326,Not agree,Not agree,0,0
90,2021-01-28T00:00:00.000,NY,791929,7296.0,15959,112.0,2021-01-29T14:42:19.981,Not agree,Not agree,0,0
91,2020-06-25T00:00:00.000,NY,176716,398.0,8645,9.0,2020-06-26T19:18:27.809,Not agree,Not agree,0,0
92,2020-12-31T00:00:00.000,NY,548154,10809.0,12566,100.0,2021-01-01T14:49:07.256,Not agree,Not agree,0,0
93,2021-03-23T00:00:00.000,NY,994847,3309.0,18612,18.0,2021-03-24T14:16:52.349,Not agree,Not agree,0,0
94,2020-07-13T00:00:00.000,NY,182962,307.0,8752,6.0,2020-07-14T15:13:07.425,Not agree,Not agree,0,0
95,2021-04-09T00:00:00.000,NY,1061897,4646.0,18984,26.0,2021-04-10T13:45:46.495,Not agree,Not agree,0,0
96,2021-04-03T00:00:00.000,NY,1038858,4126.0,18861,25.0,2021-04-04T13:43:43.841,Not agree,Not agree,0,0
97,2021-04-17T00:00:00.000,NY,1089638,4194.0,19165,24.0,2021-04-18T13:41:35.271,Not agree,Not agree,0,0
98,2020-07-10T00:00:00.000,NY,181896,435.0,8737,5.0,2020-07-11T18:25:05.541,Not agree,Not agree,0,0
99,2021-01-05T00:00:00.000,NY,592518,7803.0,13163,124.0,2021-01-06T14:58:26.308,Not agree,Not agree,0,0
100,2021-02-04T00:00:00.000,NY,827433,4475.0,16594,81.0,2021-02-05T14:54:41.938,Not agree,Not agree,0,0
101,2021-01-30T00:00:00.000,NY,805504,6776.0,16131,83.0,2021-01-31T14:48:12.513,Not agree,Not agree,0,0
102,2020-10-11T00:00:00.000,NY,223922,674.0,9103,3.0,2020-10-12T14:07:08.478,Not agree,Not agree,0,0
103,2020-07-12T00:00:00.000,NY,182655,336.0,8746,5.0,2020-07-13T15:19:34.972,Not agree,Not agree,0,0
104,2020-02-08T00:00:00.000,NY,0,0.0,0,0.0,2020-03-26T16:22:39.452,Not agree,Not agree,,
105,2021-04-16T00:00:00.000,NY,1085444,3129.0,19141,19.0,2021-04-17T13:58:33.309,Not agree,Not agree,0,0
106,2020-10-02T00:00:00.000,NY,216456,999.0,9050,4.0,2020-10-03T13:39:53.719,Not agree,Not agree,0,0
107,2021-01-11T00:00:00.000,NY,656699,8424.0,13928,123.0,2021-01-12T14:48:35.544,Not agree,Not agree,0,0
108,2021-01-14T00:00:00.000,NY,682976,8302.0,14325,145.0,2021-01-15T14:46:04.456,Not agree,Not agree,0,0
109,2020-09-05T00:00:00.000,NY,203058,522.0,8964,1.0,2020-09-06T14:09:04.355,Not agree,Not agree,0,0
110,2020-12-10T00:00:00.000,NY,398898,6808.0,10598,77.0,2020-12-11T15:06:51.565,Not agree,Not agree,0,0
111,2021-03-05T00:00:00.000,NY,935418,4100.0,18166,48.0,2021-03-06T15:08:48.630,Not agree,Not agree,0,0
112,2020-03-15T00:00:00.000,NY,400,89.0,1,1.0,2020-03-26T16:22:39.452,Not agree,Not agree,,
113,2020-06-02T00:00:00.000,NY,168663,716.0,8198,39.0,2020-06-03T14:11:36.638,Not agree,Not agree,0,0
114,2020-02-06T00:00:00.000,NY,0,0.0,0,0.0,2020-03-26T16:22:39.452,Not agree,Not agree,,
115,2020-05-28T00:00:00.000,NY,165682,685.0,8023,46.0,2020-05-29T14:19:55.781,Not agree,Not agree,0,0
116,2020-08-28T00:00:00.000,NY,199357,366.0,8941,2.0,2020-08-29T13:42:50.366,Not agree,Not agree,0,0
117,2020-05-27T00:00:00.000,NY,164997,462.0,7977,50.0,2020-05-28T15:12:25.989,Not agree,Not agree,0,0
118,2020-08-06T00:00:00.000,NY,192014,370.0,8871,3.0,2020-08-07T23:57:59.479,Not agree,Not agree,0,0
119,2021-07-18T00:00:00.000,NY,1162215,491.0,19958,1.0,2021-07-19T14:21:19.093,Not agree,Not agree,0,0
120,2021-05-15T00:00:00.000,NY,1140253,1370.0,19623,11.0,2021-05-16T13:46:12.437,Not agree,Not agree,0,0
121,2020-06-11T00:00:00.000,NY,172375,337.0,8438,22.0,2020-06-12T14:17:59.811,Not agree,Not agree,0,0
122,2021-05-24T00:00:00.000,NY,1147626,589.0,19715,9.0,2021-05-25T14:17:06.810,Not agree,Not agree,0,0
123,2020-11-25T00:00:00.000,NY,313075,4349.0,9780,33.0,2020-11-26T14:44:21.114,Not agree,Not agree,0,0
124,2020-06-12T00:00:00.000,NY,172760,385.0,8468,30.0,2020-06-13T17:46:26.029,Not agree,Not agree,0,0
125,2020-02-19T00:00:00.000,NY,0,0.0,0,0.0,2020-03-26T16:22:39.452,Not agree,Not agree,,
126,2021-06-02T00:00:00.000,NY,1151698,263.0,19792,4.0,2021-06-03T15:22:54.120,Not agree,Not agree,0,0
127,2020-09-04T00:00:00.000,NY,202536,539.0,8963,0.0,2020-09-05T14:09:45.109,Not agree,Not agree,0,0
128,2020-05-03T00:00:00.000,NY,142084,1461.0,5651,107.0,2020-05-04T22:49:24.344,Not agree,Not agree,0,0
129,2021-08-20T00:00:00.000,NY,1213128,2782.0,20135,12.0,2021-08-21T13:25:01.728,Not agree,Not agree,0,0
130,2020-12-17T00:00:00.000,NY,446084,7287.0,11176,91.0,2020-12-18T14:45:01.331,Not agree,Not agree,0,0
131,2020-04-18T00:00:00.000,NY,105548,3258.0,3562,2.0,2020-04-18T16:22:39.452,Not agree,Not agree,79,2
132,2021-06-16T00:00:00.000,NY,1155433,170.0,19887,3.0,2021-06-17T14:38:09.485,Not agree,Not agree,0,0
133,2020-12-09T00:00:00.000,NY,392090,6858.0,10521,81.0,2020-12-10T14:50:16.790,Not agree,Not agree,0,0
134,2021-06-03T00:00:00.000,NY,1151994,296.0,19799,7.0,2021-06-04T14:56:57.843,Not agree,Not agree,0,0
135,2020-09-01T00:00:00.000,NY,200968,449.0,8954,2.0,2020-09-02T13:49:48.945,Not agree,Not agree,0,0
136,2021-01-19T00:00:00.000,NY,727080,7162.0,14937,123.0,2021-01-20T14:44:03.544,Not agree,Not agree,0,0
137,2021-07-07T00:00:00.000,NY,1158647,173.0,19942,3.0,2021-07-08T14:26:57.178,Not agree,Not agree,0,0
138,2020-06-22T00:00:00.000,NY,175747,257.0,8613,7.0,2020-06-23T14:28:19.177,Not agree,Not agree,0,0
139,2020-02-16T00:00:00.000,NY,0,0.0,0,0.0,2020-03-26T16:22:39.452,Not agree,Not agree,,
140,2020-03-19T00:00:00.000,NY,1683,640.0,5,4.0,2020-03-26T16:22:39.452,Not agree,Not agree,,
141,2020-10-07T00:00:00.000,NY,220268,812.0,9084,7.0,2020-10-08T13:56:57.885,Not agree,Not agree,0,0
142,2020-05-20T00:00:00.000,NY,159820,796.0,7606,56.0,2020-05-21T15:41:38.000,Not agree,Not agree,0,0
143,2020-02-26T00:00:00.000,NY,0,0.0,0,0.0,2020-03-26T16:22:39.452,Not agree,Not agree,,
144,2020-11-01T00:00:00.000,NY,245580,1309.0,9273,10.0,2020-11-02T14:53:09.062,Not agree,Not agree,0,0
145,2020-07-31T00:00:00.000,NY,189866,359.0,8841,4.0,2020-08-01T14:38:12.337,Not agree,Not agree,0,0
146,2021-02-20T00:00:00.000,NY,891374,3542.0,17674,52.0,2021-02-21T14:57:50.842,Not agree,Not agree,0,0
147,2021-05-12T00:00:00.000,NY,1136256,1143.0,19591,10.0,2021-05-13T14:28:07.060,Not agree,Not agree,0,0
148,2021-04-30T00:00:00.000,NY,1119158,2232.0,19409,19.0,2021-05-01T13:43:22.175,Not agree,Not agree,0,0
149,2021-03-06T00:00:00.000,NY,938986,3568.0,18201,35.0,2021-03-07T14:51:40.614,Not agree,Not agree,0,0
150,2021-02-26T00:00:00.000,NY,911554,3785.0,17933,40.0,2021-02-27T14:51:23.719,Not agree,Not agree,0,0
151,2021-04-10T00:00:00.000,NY,1065885,3988.0,19010,26.0,2021-04-11T13:50:11.988,Not agree,Not agree,0,0
152,2021-05-21T00:00:00.000,NY,1145551,967.0,19688,8.0,2021-05-22T18:59:37.438,Not agree,Not agree,0,0
153,2021-07-02T00:00:00.000,NY,1157893,243.0,19933,1.0,2021-07-03T13:44:06.775,Not agree,Not agree,0,0
154,2020-06-27T00:00:00.000,NY,177489,339.0,8664,10.0,2020-06-28T14:59:02.728,Not agree,Not agree,0,0
155,2021-02-23T00:00:00.000,NY,900510,3122.0,17798,43.0,2021-02-24T14:56:12.713,Not agree,Not agree,0,0
156,2021-02-25T00:00:00.000,NY,907769,4433.0,17893,47.0,2021-02-26T15:02:41.950,Not agree,Not agree,0,0
157,2021-08-03T00:00:00.000,NY,1176467,1488.0,19991,1.0,2021-08-04T15:17:10.514,Not agree,Not agree,0,0
158,2021-04-04T00:00:00.000,NY,1042637,3779.0,18883,22.0,2021-04-05T13:43:02.042,Not agree,Not agree,0,0
159,2021-02-05T00:00:00.000,NY,832327,4894.0,16686,92.0,2021-02-06T16:05:17.977,Not agree,Not agree,0,0
160,2020-04-01T00:00:00.000,NY,36273,3617.0,275,64.0,2020-03-31T16:22:39.452,Not agree,Not agree,,
161,2020-10-21T00:00:00.000,NY,232460,1187.0,9166,2.0,2020-10-22T13:34:46.095,Not agree,Not agree,0,0
162,2021-06-24T00:00:00.000,NY,1156655,169.0,19916,0.0,2021-06-25T15:01:46.833,Not agree,Not agree,0,0
163,2020-01-27T00:00:00.000,NY,0,0.0,0,0.0,2020-03-26T16:22:39.452,Not agree,Not agree,,
164,2020-08-11T00:00:00.000,NY,193660,393.0,8885,5.0,2020-08-12T13:50:14.465,Not agree,Not agree,0,0
165,2021-05-29T00:00:00.000,NY,1150405,532.0,19759,6.0,2021-05-30T13:32:12.197,Not agree,Not agree,0,0
166,2021-06-07T00:00:00.000,NY,1153515,293.0,19835,5.0,2021-06-08T15:05:30.028,Not agree,Not agree,0,0
167,2020-03-17T00:00:00.000,NY,730,243.0,1,0.0,2020-03-26T16:22:39.452,Not agree,Not agree,,
168,2020-10-03T00:00:00.000,NY,217475,1019.0,9057,7.0,2020-10-04T13:35:23.162,Not agree,Not agree,0,0
169,2020-04-07T00:00:00.000,NY,61897,3709.0,1378,181.0,2020-04-07T16:22:39.452,Not agree,Not agree,,
170,2020-08-10T00:00:00.000,NY,193267,239.0,8880,1.0,2020-08-11T14:16:27.891,Not agree,Not agree,0,0
171,2021-05-17T00:00:00.000,NY,1141984,798.0,19645,7.0,2021-05-18T14:26:44.043,Not agree,Not agree,0,0
172,2020-07-18T00:00:00.000,NY,185184,367.0,8779,9.0,2020-07-19T15:05:47.084,Not agree,Not agree,0,0
173,2021-02-11T00:00:00.000,NY,859076,4906.0,17153,69.0,2021-02-12T14:56:38.403,Not agree,Not agree,0,0
174,2020-02-05T00:00:00.000,NY,0,0.0,0,0.0,2020-03-26T16:22:39.452,Not agree,Not agree,,
175,2020-04-15T00:00:00.000,NY,95477,3734.0,3081,199.0,2020-04-15T16:22:39.452,Not agree,Not agree,,
176,2021-03-03T00:00:00.000,NY,927750,3389.0,18092,28.0,2021-03-04T15:08:33.824,Not agree,Not agree,0,0
177,2021-03-27T00:00:00.000,NY,1010776,4298.0,18697,32.0,2021-03-28T13:52:27.652,Not agree,Not agree,0,0
178,2020-08-19T00:00:00.000,NY,196187,358.0,8914,4.0,2020-08-20T15:11:45.225,Not agree,Not agree,0,0
179,2021-06-13T00:00:00.000,NY,1154953,200.0,19872,5.0,2021-06-14T15:07:59.968,Not agree,Not agree,0,0
180,2020-12-08T00:00:00.000,NY,385232,5874.0,10440,58.0,2020-12-09T14:45:40.234,Not agree,Not agree,0,0
181,2020-04-05T00:00:00.000,NY,54480,4082.0,1017,451.0,2020-04-04T16:22:39.452,Not agree,Not agree,,
182,2021-04-15T00:00:00.000,NY,1082315,4150.0,19122,24.0,2021-04-16T14:12:25.838,Not agree,Not agree,0,0
183,2020-05-29T00:00:00.000,NY,166285,603.0,8058,35.0,2020-05-30T15:47:59.813,Not agree,Not agree,0,0
184,2020-02-20T00:00:00.000,NY,0,0.0,0,0.0,2020-03-26T16:22:39.452,Not agree,Not agree,,
185,2020-09-07T00:00:00.000,NY,203809,317.0,8970,0.0,2020-09-08T14:47:00.875,Not agree,Not agree,0,0
186,2020-07-02T00:00:00.000,NY,179052,448.0,8691,4.0,2020-07-03T15:01:33.762,Not agree,Not agree,0,0
187,2020-11-11T00:00:00.000,NY,265651,3089.0,9415,16.0,2020-11-12T14:55:21.007,Not agree,Not agree,0,0
188,2021-08-14T00:00:00.000,NY,1198595,2322.0,20069,9.0,2021-08-16T12:55:48.962,Not agree,Not agree,0,0
189,2020-11-10T00:00:00.000,NY,262562,2757.0,9399,28.0,2020-11-11T15:15:25.262,Not agree,Not agree,0,0
190,2021-06-05T00:00:00.000,NY,1152913,490.0,19818,10.0,2021-06-06T13:36:52.304,Not agree,Not agree,0,0
191,2021-04-21T00:00:00.000,NY,1099378,2341.0,19246,24.0,2021-04-22T13:56:30.011,Not agree,Not agree,0,0
192,2020-04-27T00:00:00.000,NY,131507,1720.0,4947,116.0,2020-05-25T15:38:40.000,Not agree,Not agree,0,0
193,2021-01-22T00:00:00.000,NY,751375,8837.0,15300,116.0,2021-01-23T14:50:13.435,Not agree,Not agree,0,0
194,2020-05-19T00:00:00.000,NY,159024,883.0,7550,54.0,2020-05-20T15:28:26.000,Not agree,Not agree,0,0
195,2020-04-24T00:00:00.000,NY,121117,3512.0,4552,145.0,2020-05-25T15:38:40.000,Not agree,Not agree,0,0
196,2020-11-30T00:00:00.000,NY,336001,4315.0,10002,45.0,2020-12-01T15:26:07.492,Not agree,Not agree,0,0
197,2020-03-30T00:00:00.000,NY,29044,3299.0,155,36.0,2020-03-29T16:22:39.452,Not agree,Not agree,,
198,2020-11-09T00:00:00.000,NY,259805,1988.0,9371,18.0,2020-11-10T14:45:45.196,Not agree,Not agree,0,0
199,2020-07-08T00:00:00.000,NY,181152,403.0,8721,5.0,2020-07-09T15:14:15.386,Not agree,Not agree,0,0
200,2020-11-21T00:00:00.000,NY,297988,4028.0,9652,27.0,2020-11-22T15:02:23.399,Not agree,Not agree,0,0
201,2020-12-12T00:00:00.000,NY,413292,7146.0,10743,74.0,2020-12-13T14:31:19.849,Not agree,Not agree,0,0
202,2020-09-25T00:00:00.000,NY,211873,537.0,9022,5.0,2020-09-26T13:46:07.689,Not agree,Not agree,0,0
203,2020-10-13T00:00:00.000,NY,225406,848.0,9117,4.0,2020-10-14T13:28:39.858,Not agree,Not agree,0,0
204,2020-06-28T00:00:00.000,NY,177789,300.0,8667,3.0,2020-06-29T14:37:31.240,Not agree,Not agree,0,0
205,2021-08-04T00:00:00.000,NY,1177993,1526.0,19996,5.0,2021-08-05T14:32:13.471,Not agree,Not agree,0,0
206,2021-06-20T00:00:00.000,NY,1156172,54.0,19902,0.0,2021-06-21T16:43:32.594,Not agree,Not agree,0,0
207,2020-11-02T00:00:00.000,NY,246572,992.0,9282,9.0,2020-11-03T14:57:05.887,Not agree,Not agree,0,0
208,2020-07-11T00:00:00.000,NY,182319,423.0,8741,4.0,2020-07-12T15:13:57.799,Not agree,Not agree,0,0
209,2020-05-01T00:00:00.000,NY,138624,1730.0,5442,97.0,2020-05-02T15:47:19.352,Not agree,Not agree,0,0
210,2020-08-20T00:00:00.000,NY,196515,328.0,8918,4.0,2020-08-21T14:27:34.675,Not agree,Not agree,0,0
211,2021-06-04T00:00:00.000,NY,1152423,429.0,19808,9.0,2021-06-05T13:49:07.740,Not agree,Not agree,0,0
212,2021-04-28T00:00:00.000,NY,1114458,1849.0,19373,18.0,2021-04-29T13:47:03.356,Not agree,Not agree,0,0
213,2020-05-15T00:00:00.000,NY,155456,950.0,7279,68.0,2020-05-16T15:46:44.000,Not agree,Not agree,0,0
214,2020-10-28T00:00:00.000,NY,240130,1194.0,9239,13.0,2020-10-29T14:11:33.577,Not agree,Not agree,0,0
215,2020-12-23T00:00:00.000,NY,487062,7564.0,11812,133.0,2020-12-24T14:31:20.111,Not agree,Not agree,0,0
216,2020-12-22T00:00:00.000,NY,479498,6260.0,11679,120.0,2020-12-23T14:36:58.341,Not agree,Not agree,0,0
217,2020-06-23T00:00:00.000,NY,176029,282.0,8627,14.0,2020-06-24T15:03:27.381,Not agree,Not agree,0,0
218,2020-07-20T00:00:00.000,NY,185623,235.0,8792,5.0,2020-07-21T14:50:17.717,Not agree,Not agree,0,0
219,2020-07-28T00:00:00.000,NY,188629,336.0,8826,4.0,2020-07-29T14:34:46.946,Not agree,Not agree,0,0
220,2021-08-19T00:00:00.000,NY,1210346,2758.0,20123,12.0,2021-08-20T13:21:34.552,Not agree,Not agree,0,0
221,2021-05-08T00:00:00.000,NY,1131817,1939.0,19540,18.0,2021-05-09T13:43:24.481,Not agree,Not agree,0,0
222,2020-10-26T00:00:00.000,NY,237676,767.0,9215,12.0,2020-10-27T13:47:53.687,Not agree,Not agree,0,0
223,2021-07-29T00:00:00.000,NY,1170157,1174.0,19981,0.0,2021-07-30T14:36:41.067,Not agree,Not agree,0,0
224,2021-04-24T00:00:00.000,NY,1107238,2292.0,19298,10.0,2021-04-25T13:42:01.135,Not agree,Not agree,0,0
225,2020-10-18T00:00:00.000,NY,229929,778.0,9145,3.0,2020-10-19T14:06:44.391,Not agree,Not agree,0,0
226,2021-06-18T00:00:00.000,NY,1155881,236.0,19889,0.0,2021-06-18T13:48:26.536,Not agree,Not agree,0,0
227,2020-02-28T00:00:00.000,NY,0,0.0,0,0.0,2020-03-26T16:22:39.452,Not agree,Not agree,,
228,2020-09-26T00:00:00.000,NY,212449,576.0,9024,2.0,2020-09-27T13:39:49.124,Not agree,Not agree,0,0
229,2020-06-08T00:00:00.000,NY,171446,318.0,8362,23.0,2020-06-09T16:49:08.000,Not agree,Not agree,0,0
230,2021-05-28T00:00:00.000,NY,1149873,547.0,19753,11.0,2021-05-29T13:33:02.981,Not agree,Not agree,0,0
231,2020-09-19T00:00:00.000,NY,209240,494.0,9014,1.0,2020-09-20T13:53:10.094,Not agree,Not agree,0,0
232,2020-06-07T00:00:00.000,NY,171128,323.0,8339,31.0,2020-06-08T14:55:08.000,Not agree,Not agree,0,0
233,2021-03-20T00:00:00.000,NY,985007,3859.0,18551,23.0,2021-03-21T13:54:01.052,Not agree,Not agree,0,0
234,2020-12-24T00:00:00.000,NY,494968,7906.0,11912,100.0,2020-12-25T14:25:34.696,Not agree,Not agree,0,0
235,2021-04-19T00:00:00.000,NY,1094889,2235.0,19199,20.0,2021-04-20T14:59:01.239,Not agree,Not agree,0,0
236,2020-10-20T00:00:00.000,NY,231273,765.0,9164,9.0,2020-10-21T13:34:31.370,Not agree,Not agree,0,0
237,2021-07-09T00:00:00.000,NY,1159186,321.0,19947,3.0,2021-07-10T14:17:36.847,Not agree,Not agree,0,0
238,2020-09-03T00:00:00.000,NY,201997,585.0,8963,6.0,2020-09-04T13:36:16.798,Not agree,Not agree,0,0
239,2021-07-21T00:00:00.000,NY,1163634,582.0,19963,3.0,2021-07-22T15:06:50.836,Not agree,Not agree,0,0
240,2020-02-21T00:00:00.000,NY,0,0.0,0,0.0,2020-03-26T16:22:39.452,Not agree,Not agree,,
241,2021-05-07T00:00:00.000,NY,1129878,1480.0,19522,14.0,2021-05-08T13:45:22.120,Not agree,Not agree,0,0
242,2020-08-22T00:00:00.000,NY,197324,386.0,8924,3.0,2020-08-23T14:15:28.102,Not agree,Not agree,0,0
243,2020-11-16T00:00:00.000,NY,280349,2205.0,9518,21.0,2020-11-17T14:52:47.621,Not agree,Not agree,0,0
244,2020-12-28T00:00:00.000,NY,521765,6884.0,12263,84.0,2020-12-29T14:56:32.090,Not agree,Not agree,0,0
245,2020-04-12T00:00:00.000,NY,85486,3336.0,2443,183.0,2020-04-11T16:22:39.452,Not agree,Not agree,,
246,2020-02-10T00:00:00.000,NY,0,0.0,0,0.0,2020-03-26T16:22:39.452,Not agree,Not agree,,
247,2020-10-01T00:00:00.000,NY,215457,849.0,9046,5.0,2020-10-02T13:40:08.052,Not agree,Not agree,0,0
248,2021-02-17T00:00:00.000,NY,880638,3014.0,17500,60.0,2021-02-18T14:43:57.648,Not agree,Not agree,0,0
249,2020-06-24T00:00:00.000,NY,176318,289.0,8636,9.0,2020-06-25T14:07:27.526,Not agree,Not agree,0,0
250,2020-10-05T00:00:00.000,NY,218630,465.0,9073,5.0,2020-10-06T13:33:58.026,Not agree,Not agree,0,0
251,2020-12-19T00:00:00.000,NY,460856,6574.0,11366,99.0,2020-12-20T14:32:33.200,Not agree,Not agree,0,0
252,2021-06-21T00:00:00.000,NY,1156227,55.0,19906,4.0,2021-06-22T14:36:11.498,Not agree,Not agree,0,0
253,2020-09-02T00:00:00.000,NY,201412,444.0,8957,3.0,2020-09-03T14:18:16.891,Not agree,Not agree,0,0
254,2021-04-07T00:00:00.000,NY,1052698,3746.0,18944,28.0,2021-04-08T13:46:50.786,Not agree,Not agree,0,0
255,2020-05-23T00:00:00.000,NY,162660,990.0,7762,46.0,2020-05-24T14:15:55.571,Not agree,Not agree,0,0
256,2021-05-04T00:00:00.000,NY,1125497,1341.0,19480,26.0,2021-05-05T14:14:20.639,Not agree,Not agree,0,0
257,2020-02-11T00:00:00.000,NY,0,0.0,0,0.0,2020-03-26T16:22:39.452,Not agree,Not agree,,
258,2021-04-22T00:00:00.000,NY,1102176,2798.0,19268,22.0,2021-04-23T13:57:50.369,Not agree,Not agree,0,0
259,2020-02-23T00:00:00.000,NY,0,0.0,0,0.0,2020-03-26T16:22:39.452,Not agree,Not agree,,
260,2020-04-03T00:00:00.000,NY,45704,5132.0,508,113.0,2020-04-03T16:22:39.452,Not agree,Not agree,,
261,2020-10-30T00:00:00.000,NY,242921,1352.0,9259,8.0,2020-10-31T13:30:31.395,Not agree,Not agree,0,0
262,2021-05-01T00:00:00.000,NY,1121015,1857.0,19409,0.0,2021-05-02T14:13:07.137,Not agree,Not agree,0,0
263,2020-01-30T00:00:00.000,NY,0,0.0,0,0.0,2020-03-26T16:22:39.452,Not agree,Not agree,,
264,2020-03-12T00:00:00.000,NY,230,66.0,0,0.0,2020-03-26T16:22:39.452,Not agree,Not agree,,
265,2020-10-24T00:00:00.000,NY,235930,1306.0,9197,12.0,2020-10-25T13:45:35.790,Not agree,Not agree,0,0
266,2021-03-31T00:00:00.000,NY,1026173,4197.0,18784,27.0,2021-04-01T14:13:30.582,Not agree,Not agree,0,0
267,2020-09-20T00:00:00.000,NY,209704,464.0,9015,1.0,2020-09-21T13:47:41.215,Not agree,Not agree,0,0
268,2021-06-28T00:00:00.000,NY,1157238,134.0,19927,2.0,2021-06-29T14:25:53.077,Not agree,Not agree,0,0
269,2020-11-22T00:00:00.000,NY,301449,3461.0,9679,27.0,2020-11-23T15:04:35.152,Not agree,Not agree,0,0
270,2020-09-22T00:00:00.000,NY,210420,403.0,9016,1.0,2020-09-23T13:51:22.296,Not agree,Not agree,0,0
271,2021-07-15T00:00:00.000,NY,1160945,406.0,19955,1.0,2021-07-16T14:03:13.679,Not agree,Not agree,0,0
272,2021-03-07T00:00:00.000,NY,942268,3282.0,18228,27.0,2021-03-08T14:47:36.155,Not agree,Not agree,0,0
273,2020-09-17T00:00:00.000,NY,208304,563.0,9008,2.0,2020-09-18T13:48:37.104,Not agree,Not agree,0,0
274,2020-09-08T00:00:00.000,NY,204144,335.0,8974,4.0,2020-09-09T13:47:50.836,Not agree,Not agree,0,0
275,2021-02-28T00:00:00.000,NY,918946,3623.0,18003,39.0,2021-03-01T15:21:38.478,Not agree,Not agree,0,0
276,2020-04-30T00:00:00.000,NY,136894,2044.0,5345,175.0,2020-05-01T21:00:19.025,Not agree,Not agree,0,0
277,2020-02-17T00:00:00.000,NY,0,0.0,0,0.0,2020-03-26T16:22:39.452,Not agree,Not agree,,
278,2021-06-15T00:00:00.000,NY,1155263,146.0,19884,6.0,2021-06-16T15:10:20.490,Not agree,Not agree,0,0
279,2020-07-25T00:00:00.000,NY,187668,410.0,8819,6.0,2020-07-26T15:17:16.725,Not agree,Not agree,0,0
280,2020-05-13T00:00:00.000,NY,153411,1049.0,7132,87.0,2020-05-14T17:25:44.000,Not agree,Not agree,0,0
281,2020-09-16T00:00:00.000,NY,207741,400.0,9006,3.0,2020-09-17T13:45:45.666,Not agree,Not agree,0,0
282,2020-02-22T00:00:00.000,NY,0,0.0,0,0.0,2020-03-26T16:22:39.452,Not agree,Not agree,,
283,2021-07-22T00:00:00.000,NY,1164284,650.0,19964,1.0,2021-07-23T13:48:31.666,Not agree,Not agree,0,0
284,2020-06-18T00:00:00.000,NY,174500,299.0,8568,17.0,2020-06-19T15:01:11.041,Not agree,Not agree,0,0
285,2020-05-10T00:00:00.000,NY,150978,1145.0,6867,101.0,2020-05-11T21:26:08.000,Not agree,Not agree,0,0
286,2020-01-28T00:00:00.000,NY,0,0.0,0,0.0,2020-03-26T16:22:39.452,Not agree,Not agree,,
287,2021-07-05T00:00:00.000,NY,1158346,141.0,19936,1.0,2021-07-06T13:52:24.339,Not agree,Not agree,0,0
288,2020-06-19T00:00:00.000,NY,174886,386.0,8580,12.0,2020-06-20T14:15:45.452,Not agree,Not agree,0,0
289,2020-08-16T00:00:00.000,NY,195285,300.0,8901,3.0,2020-08-17T14:26:31.025,Not agree,Not agree,0,0
290,2021-03-16T00:00:00.000,NY,970120,3138.0,18455,24.0,2021-03-17T14:24:24.658,Not agree,Not agree,0,0
291,2020-09-09T00:00:00.000,NY,204507,363.0,8976,2.0,2020-09-10T14:02:53.721,Not agree,Not agree,0,0
292,2020-10-09T00:00:00.000,NY,222376,968.0,9095,3.0,2020-10-10T13:30:17.102,Not agree,Not agree,0,0
293,2021-01-18T00:00:00.000,NY,719918,6957.0,14814,116.0,2021-01-19T14:37:00.036,Not agree,Not agree,0,0
294,2020-11-18T00:00:00.000,NY,287050,3547.0,9573,29.0,2020-11-19T15:01:36.742,Not agree,Not agree,0,0
295,2020-04-08T00:00:00.000,NY,67513,5616.0,1545,167.0,2020-04-07T16:22:39.452,Not agree,Not agree,,
296,2021-01-12T00:00:00.000,NY,665919,9220.0,14050,122.0,2021-01-13T14:44:58.633,Not agree,Not agree,0,0
297,2020-07-27T00:00:00.000,NY,188293,318.0,8822,2.0,2020-07-28T14:21:07.479,Not agree,Not agree,0,0
298,2021-08-05T00:00:00.000,NY,1179682,1689.0,20000,4.0,2021-08-06T14:53:58.556,Not agree,Not agree,0,0
299,2020-08-23T00:00:00.000,NY,197617,293.0,8930,6.0,2020-08-24T13:54:34.344,Not agree,Not agree,0,0
300,2020-03-04T00:00:00.000,NY,1,1.0,0,0.0,2020-03-26T16:22:39.452,Not agree,Not agree,,
301,2021-07-13T00:00:00.000,NY,1160203,285.0,19952,5.0,2021-07-14T14:14:34.461,Not agree,Not agree,0,0
302,2021-07-01T00:00:00.000,NY,1157650,175.0,19932,2.0,2021-07-02T13:55:07.236,Not agree,Not agree,0,0
303,2021-04-01T00:00:00.000,NY,1030739,4566.0,18814,30.0,2021-04-02T13:56:15.510,Not agree,Not agree,0,0
304,2021-01-20T00:00:00.000,NY,733850,6770.0,15065,128.0,2021-01-21T14:44:32.423,Not agree,Not agree,0,0
305,2021-08-08T00:00:00.000,NY,1185661,1773.0,20014,5.0,2021-08-09T14:44:15.398,Not agree,Not agree,0,0
306,2020-04-17T00:00:00.000,NY,102290,3152.0,3560,313.0,2020-04-17T16:22:39.452,Not agree,Not agree,,
307,2021-08-15T00:00:00.000,NY,1200816,2221.0,20080,11.0,2021-08-16T15:23:49.353,Not agree,Not agree,0,0
308,2020-06-14T00:00:00.000,NY,173446,309.0,8502,13.0,2020-06-15T14:33:03.950,Not agree,Not agree,0,0
309,2021-05-06T00:00:00.000,NY,1128398,1543.0,19508,9.0,2021-05-07T13:36:40.432,Not agree,Not agree,0,0
310,2020-08-24T00:00:00.000,NY,197811,194.0,8933,3.0,2020-08-25T14:02:54.539,Not agree,Not agree,0,0
311,2020-03-29T00:00:00.000,NY,25745,3193.0,119,12.0,2020-03-28T16:22:39.452,Not agree,Not agree,,
312,2021-05-19T00:00:00.000,NY,1143571,959.0,19666,12.0,2021-05-20T15:08:06.001,Not agree,Not agree,0,0
313,2020-06-13T00:00:00.000,NY,173137,377.0,8489,21.0,2020-06-14T14:19:43.716,Not agree,Not agree,0,0
314,2020-03-09T00:00:00.000,NY,125,97.0,0,0.0,2020-03-26T16:22:39.452,Not agree,Not agree,,
315,2020-08-25T00:00:00.000,NY,198209,398.0,8935,2.0,2020-08-26T13:51:40.521,Not agree,Not agree,0,0
316,2021-01-02T00:00:00.000,NY,569204,9846.0,12798,97.0,2021-01-03T14:53:25.031,Not agree,Not agree,0,0
317,2020-03-21T00:00:00.000,NY,4145,1451.0,21,6.0,2020-03-26T16:22:39.452,Not agree,Not agree,,
318,2021-03-26T00:00:00.000,NY,1006478,4114.0,18665,12.0,2021-03-27T14:01:18.802,Not agree,Not agree,0,0
319,2020-01-31T00:00:00.000,NY,0,0.0,0,0.0,2020-03-26T16:22:39.452,Not agree,Not agree,,
320,2020-10-23T00:00:00.000,NY,234624,1066.0,9185,8.0,2020-10-24T13:26:44.189,Not agree,Not agree,0,0
321,2021-05-11T00:00:00.000,NY,1135113,959.0,19581,20.0,2021-05-12T14:33:56.412,Not agree,Not agree,0,0
322,2020-08-17T00:00:00.000,NY,195458,173.0,8906,5.0,2020-08-18T14:26:55.280,Not agree,Not agree,0,0
323,2021-06-22T00:00:00.000,NY,1156354,127.0,19910,4.0,2021-06-23T15:24:06.521,Not agree,Not agree,0,0
324,2020-08-27T00:00:00.000,NY,198991,476.0,8939,3.0,2020-08-28T13:43:49.392,Not agree,Not agree,0,0
325,2021-06-23T00:00:00.000,NY,1156486,132.0,19916,6.0,2021-06-24T15:16:23.268,Not agree,Not agree,0,0
326,2020-07-16T00:00:00.000,NY,184408,384.0,8762,0.0,2020-07-17T14:31:01.339,Not agree,Not agree,0,0
327,2020-05-21T00:00:00.000,NY,160783,963.0,7660,54.0,2020-05-22T15:31:45.000,Not agree,Not agree,0,0
328,2020-03-03T00:00:00.000,NY,0,0.0,0,0.0,2020-03-26T16:22:39.452,Not agree,Not agree,,
329,2020-04-21T00:00:00.000,NY,112365,1659.0,4107,167.0,2020-04-21T16:22:39.452,Not agree,Not agree,0,0
330,2020-09-27T00:00:00.000,NY,212933,484.0,9027,3.0,2020-09-28T13:50:59.474,Not agree,Not agree,0,0
331,2021-01-26T00:00:00.000,NY,778552,5983.0,15729,111.0,2021-01-27T14:53:24.793,Not agree,Not agree,0,0
332,2021-01-23T00:00:00.000,NY,759301,7926.0,15396,96.0,2021-01-24T14:36:49.208,Not agree,Not agree,0,0
333,2021-02-07T00:00:00.000,NY,842972,4743.0,16863,82.0,2021-02-08T14:53:12.094,Not agree,Not agree,0,0
334,2021-02-22T00:00:00.000,NY,897388,2788.0,17755,44.0,2021-02-23T14:51:13.218,Not agree,Not agree,0,0
335,2021-05-13T00:00:00.000,NY,1137617,1361.0,19600,9.0,2021-05-14T14:07:22.113,Not agree,Not agree,0,0
336,2020-11-08T00:00:00.000,NY,257817,2037.0,9353,13.0,2020-11-09T14:38:54.660,Not agree,Not agree,0,0
337,2020-11-15T00:00:00.000,NY,278144,2192.0,9497,25.0,2020-11-16T18:40:02.302,Not agree,Not agree,0,0
338,2020-08-01T00:00:00.000,NY,190307,441.0,8854,13.0,2020-08-02T14:54:37.126,Not agree,Not agree,0,0
339,2021-02-15T00:00:00.000,NY,874571,2910.0,17396,50.0,2021-02-16T14:53:06.974,Not agree,Not agree,0,0
340,2021-04-27T00:00:00.000,NY,1112609,1513.0,19355,12.0,2021-04-28T15:20:12.714,Not agree,Not agree,0,0
341,2021-07-26T00:00:00.000,NY,1167263,553.0,19975,2.0,2021-07-27T14:48:23.791,Not agree,Not agree,0,0
342,2021-03-09T00:00:00.000,NY,947737,2907.0,18283,34.0,2021-03-10T14:58:31.195,Not agree,Not agree,0,0
343,2021-03-17T00:00:00.000,NY,973707,3587.0,18477,22.0,2021-03-18T14:01:55.607,Not agree,Not agree,0,0
344,2020-05-06T00:00:00.000,NY,145627,1309.0,6482,575.0,2020-05-07T22:59:02.953,Not agree,Not agree,0,-77
345,2020-10-19T00:00:00.000,NY,230508,579.0,9155,10.0,2020-10-20T14:59:27.967,Not agree,Not agree,0,0
346,2020-04-09T00:00:00.000,NY,72910,5397.0,1787,242.0,2020-04-08T16:22:39.452,Not agree,Not agree,,
347,2020-03-13T00:00:00.000,NY,267,37.0,0,0.0,2020-03-26T16:22:39.452,Not agree,Not agree,,
348,2020-03-26T00:00:00.000,NY,15865,2910.0,59,7.0,2020-03-26T16:22:39.452,Not agree,Not agree,,
349,2020-02-01T00:00:00.000,NY,0,0.0,0,0.0,2020-03-26T16:22:39.452,Not agree,Not agree,,
350,2020-03-28T00:00:00.000,NY,22552,3315.0,107,11.0,2020-03-28T16:22:39.452,Not agree,Not agree,,
351,2021-03-08T00:00:00.000,NY,944830,2562.0,18249,21.0,2021-03-09T14:47:41.991,Not agree,Not agree,0,0
352,2021-01-16T00:00:00.000,NY,704870,9677.0,14570,113.0,2021-01-17T15:43:14.832,Not agree,Not agree,0,0
353,2020-07-26T00:00:00.000,NY,187975,307.0,8820,1.0,2020-07-27T14:16:42.667,Not agree,Not agree,0,0
354,2020-12-15T00:00:00.000,NY,432330,6207.0,11004,103.0,2020-12-16T14:28:57.146,Not agree,Not agree,0,0
355,2021-01-07T00:00:00.000,NY,614792,11249.0,13425,144.0,2021-01-08T15:56:01.472,Not agree,Not agree,0,0
356,2021-06-27T00:00:00.000,NY,1157104,148.0,19925,3.0,2021-06-28T15:02:46.769,Not agree,Not agree,0,0
357,2020-02-18T00:00:00.000,NY,0,0.0,0,0.0,2020-03-26T16:22:39.452,Not agree,Not agree,,
358,2020-07-14T00:00:00.000,NY,183559,597.0,8756,4.0,2020-07-15T15:05:12.266,Not agree,Not agree,0,0
359,2021-03-19T00:00:00.000,NY,981148,3693.0,18528,28.0,2021-03-20T14:03:21.260,Not agree,Not agree,0,0
360,2020-12-21T00:00:00.000,NY,473238,5669.0,11559,92.0,2020-12-22T14:35:48.855,Not agree,Not agree,0,0
361,2020-01-22T00:00:00.000,NY,0,0,0,0,2020-03-26T16:22:39.452,Not agree,Not agree,,
362,2020-10-31T00:00:00.000,NY,244271,1350.0,9263,4.0,2020-11-01T15:03:08.429,Not agree,Not agree,0,0
363,2021-04-29T00:00:00.000,NY,1116926,2468.0,19390,17.0,2021-04-30T13:40:40.346,Not agree,Not agree,0,0
364,2020-02-13T00:00:00.000,NY,0,0.0,0,0.0,2020-03-26T16:22:39.452,Not agree,Not agree,,
365,2021-01-24T00:00:00.000,NY,766261,6960.0,15501,105.0,2021-01-25T14:42:40.885,Not agree,Not agree,0,0
366,2020-11-04T00:00:00.000,NY,249422,1331.0,9301,11.0,2020-11-05T14:39:23.079,Not agree,Not agree,0,0
367,2020-11-03T00:00:00.000,NY,248091,1519.0,9290,8.0,2020-11-04T15:03:00.406,Not agree,Not agree,0,0
368,2020-11-24T00:00:00.000,NY,308726,3153.0,9747,43.0,2020-11-25T14:53:15.184,Not agree,Not agree,0,0
369,2020-07-09T00:00:00.000,NY,181461,309.0,8732,11.0,2020-07-10T15:35:06.524,Not agree,Not agree,0,0
370,2020-02-04T00:00:00.000,NY,0,0.0,0,0.0,2020-03-26T16:22:39.452,Not agree,Not agree,,
371,2021-01-03T00:00:00.000,NY,577232,8028.0,12912,114.0,2021-01-04T14:55:45.964,Not agree,Not agree,0,0
372,2020-04-22T00:00:00.000,NY,114784,2419.0,4260,153.0,2020-04-22T16:22:39.452,Not agree,Not agree,0,0
373,2020-01-25T00:00:00.000,NY,0,0.0,0,0.0,2020-03-26T16:22:39.452,Not agree,Not agree,,
374,2021-04-20T00:00:00.000,NY,1097037,2148.0,19222,23.0,2021-04-21T14:12:05.083,Not agree,Not agree,0,0
375,2020-04-20T00:00:00.000,NY,110706,2356.0,3940,153.0,2020-04-20T16:22:39.452,Not agree,Not agree,,
376,2020-11-12T00:00:00.000,NY,268786,3135.0,9438,23.0,2020-11-13T14:54:34.454,Not agree,Not agree,0,0
377,2021-06-08T00:00:00.000,NY,1153736,221.0,19844,9.0,2021-06-09T14:26:44.647,Not agree,Not agree,0,0
378,2021-01-13T00:00:00.000,NY,674674,8755.0,14180,130.0,2021-01-14T15:12:46.601,Not agree,Not agree,0,0
379,2020-12-06T00:00:00.000,NY,374821,6575.0,10319,45.0,2020-12-07T14:38:33.257,Not agree,Not agree,0,0
380,2021-01-10T00:00:00.000,NY,648275,10036.0,13805,111.0,2021-01-11T15:01:02.286,Not agree,Not agree,0,0
381,2020-10-14T00:00:00.000,NY,226174,768.0,9118,1.0,2020-10-15T13:30:46.649,Not agree,Not agree,0,0
382,2020-03-20T00:00:00.000,NY,2694,1011.0,15,10.0,2020-03-26T16:22:39.452,Not agree,Not agree,,
383,2021-01-01T00:00:00.000,NY,559358,11204.0,12701,135.0,2021-01-02T14:50:51.219,Not agree,Not agree,0,0
384,2020-07-04T00:00:00.000,NY,179868,358.0,8701,5.0,2020-07-05T15:00:14.391,Not agree,Not agree,0,0
385,2021-02-12T00:00:00.000,NY,863285,4209.0,17227,74.0,2021-02-13T14:50:08.565,Not agree,Not agree,0,0
386,2020-12-26T00:00:00.000,NY,510100,6857.0,12091,91.0,2020-12-27T14:44:47.209,Not agree,Not agree,0,0
387,2021-08-13T00:00:00.000,NY,1196273,2574.0,20060,8.0,2021-08-14T14:46:52.851,Not agree,Not agree,0,0
388,2020-08-26T00:00:00.000,NY,198515,306.0,8936,1.0,2020-08-27T13:42:08.515,Not agree,Not agree,0,0
389,2020-02-09T00:00:00.000,NY,0,0.0,0,0.0,2020-03-26T16:22:39.452,Not agree,Not agree,,
390,2020-08-09T00:00:00.000,NY,193028,267.0,8879,4.0,2020-08-10T14:23:35.555,Not agree,Not agree,0,0
391,2020-08-05T00:00:00.000,NY,191644,335.0,8868,2.0,2020-08-06T14:12:27.571,Not agree,Not agree,0,0
392,2020-10-29T00:00:00.000,NY,241569,1439.0,9251,12.0,2020-10-30T13:37:23.555,Not agree,Not agree,0,0
393,2021-07-16T00:00:00.000,NY,1161322,377.0,19956,1.0,2021-07-17T13:43:02.763,Not agree,Not agree,0,0
394,2020-01-24T00:00:00.000,NY,0,0.0,0,0.0,2020-03-26T16:22:39.452,Not agree,Not agree,,
395,2020-09-28T00:00:00.000,NY,213388,455.0,9034,7.0,2020-09-29T13:50:42.951,Not agree,Not agree,0,0
396,2020-05-26T00:00:00.000,NY,164535,502.0,7927,48.0,2020-05-27T15:37:59.621,Not agree,Not agree,0,0
397,2021-01-25T00:00:00.000,NY,772569,6308.0,15618,117.0,2021-01-26T14:46:01.604,Not agree,Not agree,0,0
398,2020-03-08T00:00:00.000,NY,28,0.0,0,0.0,2020-03-26T16:22:39.452,Not agree,Not agree,,
399,2020-07-05T00:00:00.000,NY,180162,294.0,8705,4.0,2020-07-06T15:16:12.497,Not agree,Not agree,0,0
400,2020-12-03T00:00:00.000,NY,353040,6548.0,10172,55.0,2020-12-04T15:00:59.537,Not agree,Not agree,0,0
401,2020-12-02T00:00:00.000,NY,346492,5775.0,10117,56.0,2020-12-03T15:21:08.669,Not agree,Not agree,0,0
402,2020-07-19T00:00:00.000,NY,185388,204.0,8787,8.0,2020-07-20T14:35:44.367,Not agree,Not agree,0,0
403,2020-06-16T00:00:00.000,NY,173984,299.0,8538,17.0,2020-06-17T15:06:04.858,Not agree,Not agree,0,0
404,2021-02-14T00:00:00.000,NY,871661,4194.0,17346,60.0,2021-02-15T14:46:24.739,Not agree,Not agree,0,0
405,2021-05-10T00:00:00.000,NY,1134154,912.0,19561,10.0,2021-05-11T13:53:24.290,Not agree,Not agree,0,0
406,2020-02-07T00:00:00.000,NY,0,0.0,0,0.0,2020-03-26T16:22:39.452,Not agree,Not agree,,
407,2020-06-06T00:00:00.000,NY,170805,537.0,8308,24.0,2020-06-07T14:23:35.373,Not agree,Not agree,0,0
408,2020-03-02T00:00:00.000,NY,0,0.0,0,0.0,2020-03-26T16:22:39.452,Not agree,Not agree,,
409,2021-05-16T00:00:00.000,NY,1141186,933.0,19638,15.0,2021-05-17T14:13:39.052,Not agree,Not agree,0,0
410,2021-04-18T00:00:00.000,NY,1092654,3016.0,19179,14.0,2021-04-19T15:04:26.482,Not agree,Not agree,0,0
411,2020-08-15T00:00:00.000,NY,194985,352.0,8898,1.0,2020-08-16T14:57:14.578,Not agree,Not agree,0,0
412,2021-03-02T00:00:00.000,NY,924361,2683.0,18064,33.0,2021-03-03T15:20:17.644,Not agree,Not agree,0,0
413,2021-07-19T00:00:00.000,NY,1162577,362.0,19959,1.0,2021-07-20T14:48:47.072,Not agree,Not agree,0,0
414,2020-04-04T00:00:00.000,NY,50398,4694.0,566,58.0,2020-04-03T16:22:39.452,Not agree,Not agree,,
415,2021-07-12T00:00:00.000,NY,1159918,223.0,19947,0.0,2021-07-13T14:26:25.742,Not agree,Not agree,0,0
416,2020-12-13T00:00:00.000,NY,420108,6816.0,10834,91.0,2020-12-14T14:36:45.302,Not agree,Not agree,0,0
417,2020-09-06T00:00:00.000,NY,203492,434.0,8970,6.0,2020-09-07T13:37:36.613,Not agree,Not agree,0,0
418,2021-01-09T00:00:00.000,NY,638239,10899.0,13694,143.0,2021-01-10T16:10:55.461,Not agree,Not agree,0,0
419,2021-08-01T00:00:00.000,NY,1174038,1254.0,19990,5.0,2021-08-02T14:03:57.634,Not agree,Not agree,0,0
420,2021-01-21T00:00:00.000,NY,742538,8688.0,15184,119.0,2021-01-22T14:51:49.095,Not agree,Not agree,0,0
421,2021-01-17T00:00:00.000,NY,712961,8091.0,14698,128.0,2021-01-18T14:39:32.141,Not agree,Not agree,0,0
422,2021-06-26T00:00:00.000,NY,1156956,160.0,19922,3.0,2021-06-28T13:23:06.921,Not agree,Not agree,0,0
423,2020-05-22T00:00:00.000,NY,161670,887.0,7716,56.0,2020-05-23T17:58:16.000,Not agree,Not agree,0,0
424,2020-10-22T00:00:00.000,NY,233558,1098.0,9177,11.0,2020-10-23T13:44:31.471,Not agree,Not agree,0,0
425,2020-10-15T00:00:00.000,NY,227126,952.0,9127,9.0,2020-10-16T13:33:55.808,Not agree,Not agree,0,0
426,2020-12-27T00:00:00.000,NY,514881,4781.0,12179,88.0,2020-12-28T14:42:49.996,Not agree,Not agree,0,0
427,2020-03-06T00:00:00.000,NY,21,9.0,0,0.0,2020-03-26T16:22:39.452,Not agree,Not agree,,
428,2021-03-22T00:00:00.000,NY,991538,2796.0,18594,17.0,2021-03-23T14:05:18.025,Not agree,Not agree,0,0
429,2020-10-17T00:00:00.000,NY,229151,978.0,9142,6.0,2020-10-18T13:26:54.146,Not agree,Not agree,0,0
430,2021-06-25T00:00:00.000,NY,1156796,141.0,19919,3.0,2021-06-26T14:17:39.224,Not agree,Not agree,0,0
431,2020-07-17T00:00:00.000,NY,184817,409.0,8770,8.0,2020-07-18T16:14:26.601,Not agree,Not agree,0,0
432,2021-07-20T00:00:00.000,NY,1163052,475.0,19960,1.0,2021-07-21T14:18:34.888,Not agree,Not agree,0,0
433,2020-08-04T00:00:00.000,NY,191309,430.0,8866,3.0,2020-08-05T14:13:18.333,Not agree,Not agree,0,0
434,2020-11-13T00:00:00.000,NY,272361,3575.0,9457,19.0,2020-11-14T14:44:40.037,Not agree,Not agree,0,0
435,2021-04-11T00:00:00.000,NY,1069399,3514.0,19032,22.0,2021-04-12T13:39:29.511,Not agree,Not agree,0,0
436,2021-01-08T00:00:00.000,NY,627340,12548.0,13551,126.0,2021-01-09T15:26:08.605,Not agree,Not agree,0,0
437,2021-03-01T00:00:00.000,NY,921678,2732.0,18031,28.0,2021-03-02T14:54:47.223,Not agree,Not agree,0,0
438,2020-07-06T00:00:00.000,NY,180433,271.0,8710,5.0,2020-07-07T14:58:02.598,Not agree,Not agree,0,0
439,2020-05-31T00:00:00.000,NY,167467,558.0,8130,30.0,2020-06-01T14:17:42.906,Not agree,Not agree,0,0
440,2020-03-22T00:00:00.000,NY,6123,1978.0,24,3.0,2020-03-26T16:22:39.452,Not agree,Not agree,,
441,2020-11-14T00:00:00.000,NY,275952,3591.0,9472,15.0,2020-11-15T15:12:13.050,Not agree,Not agree,0,0
442,2021-08-09T00:00:00.000,NY,1187342,1681.0,20020,6.0,2021-08-10T15:30:38.175,Not agree,Not agree,0,0
443,2020-03-16T00:00:00.000,NY,487,87.0,1,0.0,2020-03-26T16:22:39.452,Not agree,Not agree,,
444,2020-04-16T00:00:00.000,NY,99138,3661.0,3247,166.0,2020-04-16T16:22:39.452,Not agree,Not agree,,
445,2021-01-27T00:00:00.000,NY,784633,6081.0,15847,118.0,2021-01-28T14:49:07.741,Not agree,Not agree,0,0
446,2020-08-14T00:00:00.000,NY,194633,360.0,8897,3.0,2020-08-15T14:02:05.619,Not agree,Not agree,0,0
447,2021-04-26T00:00:00.000,NY,1111096,1696.0,19343,23.0,2021-04-27T13:56:18.063,Not agree,Not agree,0,0
448,2020-06-03T00:00:00.000,NY,169213,550.0,8230,32.0,2020-06-04T15:03:31.977,Not agree,Not agree,0,0
449,2020-07-29T00:00:00.000,NY,189042,413.0,8830,4.0,2020-07-30T14:42:43.801,Not agree,Not agree,0,0
450,2020-02-14T00:00:00.000,NY,0,0.0,0,0.0,2020-03-26T16:22:39.452,Not agree,Not agree,,
451,2020-10-16T00:00:00.000,NY,228173,1047.0,9136,9.0,2020-10-17T14:09:18.876,Not agree,Not agree,0,0
452,2020-06-15T00:00:00.000,NY,173685,239.0,8521,19.0,2020-06-16T14:10:11.939,Not agree,Not agree,0,0
453,2020-09-24T00:00:00.000,NY,211336,531.0,9017,0.0,2020-09-25T13:54:10.196,Not agree,Not agree,0,0
454,2021-07-04T00:00:00.000,NY,1158205,161.0,19935,2.0,2021-07-05T14:30:02.367,Not agree,Not agree,0,0
455,2020-07-15T00:00:00.000,NY,184024,465.0,8762,6.0,2020-07-16T14:22:21.119,Not agree,Not agree,0,0
456,2020-04-25T00:00:00.000,NY,127030,5913.0,4715,163.0,2020-05-25T15:38:40.000,Not agree,Not agree,0,0
457,2021-02-01T00:00:00.000,NY,815593,4314.0,16308,88.0,2021-02-02T14:51:51.706,Not agree,Not agree,0,0
458,2020-09-10T00:00:00.000,NY,204928,421.0,8983,7.0,2020-09-11T13:51:03.398,Not agree,Not agree,0,0
459,2020-07-01T00:00:00.000,NY,178604,329.0,8687,7.0,2020-07-02T15:10:03.527,Not agree,Not agree,0,0
460,2020-08-18T00:00:00.000,NY,195829,371.0,8910,4.0,2020-08-19T14:23:51.835,Not agree,Not agree,0,0
461,2021-07-17T00:00:00.000,NY,1161724,402.0,19957,1.0,2021-07-19T13:20:07.101,Not agree,Not agree,0,0
462,2020-05-18T00:00:00.000,NY,158141,613.0,7496,48.0,2020-05-19T15:45:23.000,Not agree,Not agree,0,0
463,2021-06-06T00:00:00.000,NY,1153222,309.0,19830,12.0,2021-06-07T14:36:26.127,Not agree,Not agree,0,0
464,2020-07-03T00:00:00.000,NY,179510,458.0,8696,5.0,2020-07-04T15:30:31.943,Not agree,Not agree,0,0
465,2021-04-08T00:00:00.000,NY,1057251,4553.0,18958,14.0,2021-04-09T14:11:49.640,Not agree,Not agree,0,0
466,2021-08-02T00:00:00.000,NY,1174979,941.0,19990,0.0,2021-08-03T14:29:23.404,Not agree,Not agree,0,0
467,2020-11-17T00:00:00.000,NY,283503,3154.0,9544,26.0,2020-11-18T14:57:46.366,Not agree,Not agree,0,0
468,2021-07-31T00:00:00.000,NY,1172784,1368.0,19985,2.0,2021-08-02T12:48:14.485,Not agree,Not agree,0,0
469,2020-12-05T00:00:00.000,NY,368246,7532.0,10274,57.0,2020-12-06T14:51:16.617,Not agree,Not agree,0,0
470,2021-07-24T00:00:00.000,NY,1165798,740.0,19966,0.0,2021-07-26T13:16:36.357,Not agree,Not agree,0,0
471,2020-06-01T00:00:00.000,NY,167947,480.0,8159,29.0,2020-06-02T14:16:17.049,Not agree,Not agree,0,0
472,2020-05-04T00:00:00.000,NY,143302,1218.0,5808,157.0,2020-05-05T17:25:08.000,Not agree,Not agree,0,77
473,2021-08-12T00:00:00.000,NY,1193699,2444.0,20052,13.0,2021-08-13T13:45:25.506,Not agree,Not agree,0,0
474,2021-07-27T00:00:00.000,NY,1168038,775.0,19976,1.0,2021-07-28T13:51:39.509,Not agree,Not agree,0,0
475,2020-12-25T00:00:00.000,NY,503243,8275.0,12000,88.0,2020-12-26T14:34:18.488,Not agree,Not agree,0,0
476,2021-06-19T00:00:00.000,NY,1156118,237.0,19902,13.0,2021-06-18T13:48:26.536,Not agree,Not agree,0,0
477,2020-04-19T00:00:00.000,NY,108350,2802.0,3787,225.0,2020-04-19T16:22:39.452,Not agree,Not agree,-79,-2
478,2020-11-05T00:00:00.000,NY,251352,1930.0,9313,12.0,2020-11-06T15:33:41.082,Not agree,Not agree,0,0
479,2020-11-29T00:00:00.000,NY,331686,4429.0,9957,46.0,2020-11-30T14:51:40.262,Not agree,Not agree,0,0
480,2021-02-27T00:00:00.000,NY,915323,3769.0,17964,31.0,2021-02-28T14:48:18.530,Not agree,Not agree,0,0
481,2021-03-29T00:00:00.000,NY,1018606,3637.0,18734,23.0,2021-03-30T14:06:13.038,Not agree,Not agree,0,0
482,2020-08-30T00:00:00.000,NY,200131,417.0,8951,6.0,2020-08-31T14:05:56.401,Not agree,Not agree,0,0
483,2020-02-03T00:00:00.000,NY,0,0.0,0,0.0,2020-03-26T16:22:39.452,Not agree,Not agree,,
484,2020-08-07T00:00:00.000,NY,192384,370.0,8874,3.0,2020-08-08T14:58:44.922,Not agree,Not agree,0,0
485,2020-04-28T00:00:00.000,NY,132768,1261.0,5060,113.0,2020-04-29T18:12:08.477,Not agree,Not agree,0,0
486,2020-05-24T00:00:00.000,NY,163392,732.0,7830,68.0,2020-05-25T14:12:49.524,Not agree,Not agree,0,0
487,2021-08-16T00:00:00.000,NY,1202885,2069.0,20086,6.0,2021-08-17T14:24:04.262,Not agree,Not agree,0,0
488,2020-09-21T00:00:00.000,NY,210017,313.0,9015,0.0,2020-09-22T13:51:57.795,Not agree,Not agree,0,0
489,2020-11-28T00:00:00.000,NY,327257,3962.0,9911,42.0,2020-11-29T14:49:08.286,Not agree,Not agree,0,0
490,2020-08-29T00:00:00.000,NY,199714,357.0,8945,4.0,2020-08-30T14:49:52.418,Not agree,Not agree,0,0
491,2020-05-25T00:00:00.000,NY,164033,641.0,7879,49.0,2020-05-26T14:23:02.020,Not agree,Not agree,0,0
492,2021-02-06T00:00:00.000,NY,838229,5902.0,16781,95.0,2021-02-07T14:46:31.377,Not agree,Not agree,0,0
493,2021-05-22T00:00:00.000,NY,1146403,852.0,19702,14.0,2021-05-23T13:37:59.772,Not agree,Not agree,0,0
494,2021-03-14T00:00:00.000,NY,964179,2809.0,18414,22.0,2021-03-15T14:03:45.324,Not agree,Not agree,0,0
495,2020-12-30T00:00:00.000,NY,537345,8712.0,12466,112.0,2020-12-31T14:55:07.623,Not agree,Not agree,0,0
496,2020-05-17T00:00:00.000,NY,157528,896.0,7448,71.0,2020-05-18T16:01:54.000,Not agree,Not agree,0,0
497,2021-06-12T00:00:00.000,NY,1154753,272.0,19867,9.0,2021-06-13T13:40:53.785,Not agree,Not agree,0,0
498,2020-04-29T00:00:00.000,NY,134850,2082.0,5170,110.0,2020-04-30T16:07:01.546,Not agree,Not agree,0,0
499,2021-01-04T00:00:00.000,NY,584715,7483.0,13039,127.0,2021-01-05T15:00:42.894,Not agree,Not agree,0,0
500,2020-11-06T00:00:00.000,NY,253358,2006.0,9326,13.0,2020-11-07T14:45:17.940,Not agree,Not agree,0,0
501,2020-03-27T00:00:00.000,NY,19237,3372.0,96,37.0,2020-03-26T16:22:39.452,Not agree,Not agree,,
502,2021-05-20T00:00:00.000,NY,1144584,1013.0,19680,14.0,2021-05-21T14:08:46.635,Not agree,Not agree,0,0
503,2021-01-06T00:00:00.000,NY,603543,11025.0,13281,118.0,2021-01-07T14:56:59.705,Not agree,Not agree,0,0
504,2021-01-29T00:00:00.000,NY,798728,6799.0,16048,89.0,2021-01-30T14:43:11.492,Not agree,Not agree,0,0
505,2020-09-11T00:00:00.000,NY,205539,611.0,8986,3.0,2020-09-12T14:12:43.160,Not agree,Not agree,0,0
506,2021-02-16T00:00:00.000,NY,877624,3053.0,17440,44.0,2021-02-17T14:51:58.706,Not agree,Not agree,0,0
507,2020-01-23T00:00:00.000,NY,0,0.0,0,0.0,2020-03-26T16:22:39.452,Not agree,Not agree,,
508,2020-12-29T00:00:00.000,NY,528633,6868.0,12354,91.0,2020-12-30T14:56:20.759,Not agree,Not agree,0,0
509,2020-09-23T00:00:00.000,NY,210805,385.0,9017,1.0,2020-09-24T13:54:02.843,Not agree,Not agree,0,0
510,2021-05-27T00:00:00.000,NY,1149326,631.0,19742,6.0,2021-05-28T13:29:21.497,Not agree,Not agree,0,0
511,2020-05-30T00:00:00.000,NY,166909,624.0,8100,42.0,2020-05-31T14:43:17.781,Not agree,Not agree,0,0
512,2020-06-10T00:00:00.000,NY,172038,249.0,8416,25.0,2020-06-11T14:48:51.509,Not agree,Not agree,0,0
513,2020-09-15T00:00:00.000,NY,207341,460.0,9003,8.0,2020-09-16T13:53:41.027,Not agree,Not agree,0,0
514,2021-04-13T00:00:00.000,NY,1074867,2718.0,19074,19.0,2021-04-14T14:34:57.978,Not agree,Not agree,0,0
515,2020-06-30T00:00:00.000,NY,178275,284.0,8680,7.0,2020-07-01T15:45:16.790,Not agree,Not agree,0,0
516,2020-03-05T00:00:00.000,NY,12,11.0,0,0.0,2020-03-26T16:22:39.452,Not agree,Not agree,,
517,2020-01-29T00:00:00.000,NY,0,0.0,0,0.0,2020-03-26T16:22:39.452,Not agree,Not agree,,
518,2020-07-22T00:00:00.000,NY,186442,355.0,8800,6.0,2020-07-23T14:48:19.028,Not agree,Not agree,0,0
519,2020-05-02T00:00:00.000,NY,140623,1999.0,5544,102.0,2020-05-03T15:36:03.076,Not agree,Not agree,0,0
520,2021-02-09T00:00:00.000,NY,850387,3514.0,17009,84.0,2021-02-10T14:52:16.601,Not agree,Not agree,0,0
521,2021-06-11T00:00:00.000,NY,1154481,265.0,19858,6.0,2021-06-12T14:13:34.935,Not agree,Not agree,0,0
522,2020-07-23T00:00:00.000,NY,186865,423.0,8807,7.0,2020-07-24T14:18:40.590,Not agree,Not agree,0,0
523,2021-04-12T00:00:00.000,NY,1072149,2750.0,19055,23.0,2021-04-13T14:00:37.906,Not agree,Not agree,0,0
524,2021-04-06T00:00:00.000,NY,1048952,2850.0,18916,13.0,2021-04-07T14:25:43.922,Not agree,Not agree,0,0
525,2020-03-24T00:00:00.000,NY,10761,2191.0,39,8.0,2020-03-26T16:22:39.452,Not agree,Not agree,,
526,2021-07-23T00:00:00.000,NY,1165058,774.0,19966,2.0,2021-07-24T14:21:11.369,Not agree,Not agree,0,0
527,2021-07-08T00:00:00.000,NY,1158865,218.0,19944,2.0,2021-07-09T13:56:56.578,Not agree,Not agree,0,0
528,2021-02-03T00:00:00.000,NY,822958,3342.0,16513,107.0,2021-02-04T14:53:58.929,Not agree,Not agree,0,0
529,2020-12-20T00:00:00.000,NY,467569,6713.0,11467,101.0,2020-12-21T14:39:53.673,Not agree,Not agree,0,0
530,2021-05-25T00:00:00.000,NY,1148105,479.0,19722,7.0,2021-05-26T13:48:32.554,Not agree,Not agree,0,0
531,2021-02-02T00:00:00.000,NY,819616,4023.0,16406,98.0,2021-02-03T14:55:58.025,Not agree,Not agree,0,0
532,2021-01-15T00:00:00.000,NY,695193,12217.0,14457,132.0,2021-01-16T14:46:10.803,Not agree,Not agree,0,0
533,2021-04-05T00:00:00.000,NY,1046102,3465.0,18903,20.0,2021-04-06T13:43:58.552,Not agree,Not agree,0,0
534,2020-08-31T00:00:00.000,NY,200519,388.0,8952,1.0,2020-09-01T14:09:34.811,Not agree,Not agree,0,0
535,2021-07-30T00:00:00.000,NY,1171416,1259.0,19983,2.0,2021-07-31T13:56:41.471,Not agree,Not agree,0,0
536,2021-02-10T00:00:00.000,NY,854170,3783.0,17084,75.0,2021-02-11T14:50:55.787,Not agree,Not agree,0,0
537,2021-08-10T00:00:00.000,NY,1189064,1722.0,20028,8.0,2021-08-11T15:30:51.957,Not agree,Not agree,0,0
538,2021-07-25T00:00:00.000,NY,1166710,912.0,19973,7.0,2021-07-26T13:52:25.259,Not agree,Not agree,0,0
539,2020-03-01T00:00:00.000,NY,0,0.0,0,0.0,2020-03-26T16:22:39.452,Not agree,Not agree,,
540,2021-02-24T00:00:00.000,NY,903336,2826.0,17846,48.0,2021-02-25T14:54:32.778,Not agree,Not agree,0,0
541,2020-06-20T00:00:00.000,NY,175211,325.0,8595,15.0,2020-06-21T14:32:57.913,Not agree,Not agree,0,0
542,2021-06-17T00:00:00.000,NY,1155645,212.0,19889,2.0,2021-06-18T13:48:26.536,Not agree,Not agree,0,0
543,2020-02-02T00:00:00.000,NY,0,0.0,0,0.0,2020-03-26T16:22:39.452,Not agree,Not agree,,
544,2020-04-06T00:00:00.000,NY,58188,3708.0,1197,180.0,2020-04-05T16:22:39.452,Not agree,Not agree,,
545,2020-10-12T00:00:00.000,NY,224558,636.0,9113,10.0,2020-10-13T13:29:38.712,Not agree,Not agree,0,0
546,2021-06-09T00:00:00.000,NY,1153952,216.0,19848,4.0,2021-06-10T14:48:23.402,Not agree,Not agree,0,0
547,2021-08-17T00:00:00.000,NY,1204930,2045.0,20096,10.0,2021-08-18T14:45:06.728,Not agree,Not agree,0,0
548,2021-08-18T00:00:00.000,NY,1207588,2658.0,20111,15.0,2021-08-19T15:10:12.702,Not agree,Not agree,0,0
549,2021-03-21T00:00:00.000,NY,988742,3735.0,18577,26.0,2021-03-22T13:57:09.215,Not agree,Not agree,0,0
550,2020-12-11T00:00:00.000,NY,406146,7248.0,10669,71.0,2020-12-12T14:59:37.544,Not agree,Not agree,0,0
551,2021-03-25T00:00:00.000,NY,1002364,4048.0,18653,15.0,2021-03-26T14:14:54.115,Not agree,Not agree,0,0
552,2021-03-18T00:00:00.000,NY,977455,3748.0,18500,23.0,2021-03-19T14:25:43.135,Not agree,Not agree,0,0
553,2021-06-10T00:00:00.000,NY,1154216,264.0,19852,4.0,2021-06-11T14:20:54.139,Not agree,Not agree,0,0
554,2021-05-23T00:00:00.000,NY,1147037,634.0,19706,4.0,2021-05-24T13:46:58.626,Not agree,Not agree,0,0
555,2020-06-05T00:00:00.000,NY,170268,541.0,8284,25.0,2020-06-06T14:31:37.908,Not agree,Not agree,0,0
556,2020-11-26T00:00:00.000,NY,317677,4602.0,9838,58.0,2020-11-27T15:07:59.229,Not agree,Not agree,0,0
557,2020-05-08T00:00:00.000,NY,148624,1371.0,6657,77.0,2020-05-09T21:26:08.000,Not agree,Not agree,0,0
558,2020-06-21T00:00:00.000,NY,175490,279.0,8606,11.0,2020-06-22T15:24:02.542,Not agree,Not agree,0,0
559,2020-06-26T00:00:00.000,NY,177150,434.0,8654,9.0,2020-06-27T17:51:58.649,Not agree,Not agree,0,0
560,2020-11-19T00:00:00.000,NY,290513,3463.0,9596,23.0,2020-11-20T15:06:16.717,Not agree,Not agree,0,0
561,2020-06-04T00:00:00.000,NY,169727,514.0,8259,29.0,2020-06-05T15:17:07.242,Not agree,Not agree,0,0
562,2020-04-11T00:00:00.000,NY,82150,4022.0,2260,236.0,2020-04-10T16:22:39.452,Not agree,Not agree,,
563,2020-05-09T00:00:00.000,NY,149833,1209.0,6766,109.0,2020-05-10T21:26:08.000,Not agree,Not agree,0,0
564,2021-03-28T00:00:00.000,NY,1014969,4193.0,18711,14.0,2021-03-29T13:48:56.473,Not agree,Not agree,0,0
565,2020-11-23T00:00:00.000,NY,305573,4124.0,9704,25.0,2020-11-24T15:27:55.668,Not agree,Not agree,0,0
566,2021-05-18T00:00:00.000,NY,1142612,628.0,19654,9.0,2021-05-19T14:37:49.094,Not agree,Not agree,0,0
567,2020-04-13T00:00:00.000,NY,88268,2782.0,2661,218.0,2020-04-12T16:22:39.452,Not agree,Not agree,,
568,2020-10-06T00:00:00.000,NY,219456,826.0,9077,4.0,2020-10-07T13:45:01.309,Not agree,Not agree,0,0
569,2021-06-30T00:00:00.000,NY,1157475,131.0,19930,2.0,2021-07-01T14:29:33.934,Not agree,Not agree,0,0
570,2020-08-08T00:00:00.000,NY,192761,377.0,8875,1.0,2020-08-09T14:03:10.892,Not agree,Not agree,0,0
571,2021-02-19T00:00:00.000,NY,887832,3838.0,17622,67.0,2021-02-20T14:45:37.694,Not agree,Not agree,0,0
572,2021-02-13T00:00:00.000,NY,867467,4182.0,17286,59.0,2021-02-14T14:51:00.941,Not agree,Not agree,0,0
573,2021-06-29T00:00:00.000,NY,1157344,106.0,19928,1.0,2021-06-30T14:11:39.088,Not agree,Not agree,0,0
574,2020-01-26T00:00:00.000,NY,0,0.0,0,0.0,2020-03-26T16:22:39.452,Not agree,Not agree,,
575,2020-10-04T00:00:00.000,NY,218165,690.0,9068,11.0,2020-10-05T13:49:47.107,Not agree,Not agree,0,0
576,2021-07-14T00:00:00.000,NY,1160539,336.0,19954,2.0,2021-07-15T14:29:47.308,Not agree,Not agree,0,0
